{"泉城海洋极地世界": [116.84681183783798, 36.74916412507776], "泉城欧乐堡梦幻世界": [116.84681183783798, 36.74916412507776], "欧乐堡戏水湾泰式养生温泉": [116.84681183783798, 36.74916412507776], "欧乐堡雨林温泉": [116.84681183783798, 36.74916412507776], "德百温泉度假村": [116.05558807351557, 37.02276473001859], "太阳谷": [116.39974095168196, 37.443327848489865], "夏津黄河故道森林公园": [116.03732249608221, 37.01668854815551], "国科玉汤温泉": [116.86365335667467, 36.80503412560812], "德州动植物园": [116.33291247583294, 37.45743710416032], "龙悦水上乐园": [117.25920386256107, 37.74363664471563], "永盛斋": [116.31838878774843, 37.478785127071895], "馨秋游乐园景区": [116.33374385350861, 37.36867483644776]}